<metadata xml:lang="en"><Esri><CreaDate>20221123</CreaDate><CreaTime>10465900</CreaTime><ArcGISFormat>1.0</ArcGISFormat><SyncOnce>FALSE</SyncOnce><DataProperties><lineage><Process ToolSource="c:\program files\arcgis\pro\Resources\ArcToolbox\toolboxes\Data Management Tools.tbx\CreateFeatureclass" Date="20221123" Time="104659">CreateFeatureclass C:\Users\leste\OneDrive\Documents\ArcGIS\Projects\MyProject\MyProject.gdb UkraineConflict Point 'C:\Users\leste\OneDrive - Clark University\2022-2023\Web Mapping &amp; Open-Source GIS\Final Project\Ukraine_Black_Sea_2020_2022_Oct07.xlsx\Sheet1$' No No "GEOGCS["GCS_WGS_1984",DATUM["D_WGS_1984",SPHEROID["WGS_1984",6378137.0,298.257223563]],PRIMEM["Greenwich",0.0],UNIT["Degree",0.0174532925199433]];-400 -400 1000000000;-100000 10000;-100000 10000;8.98315284119521E-09;0.001;0.001;IsHighPrecision" # 0 0 0 #</Process><Process ToolSource="c:\program files\arcgis\pro\Resources\ArcToolbox\toolboxes\Data Management Tools.tbx\XYTableToPoint" Date="20221123" Time="104707">XYTableToPoint "C:\Users\leste\OneDrive - Clark University\2022-2023\Web Mapping &amp; Open-Source GIS\Final Project\Ukraine_Black_Sea_2020_2022_Oct07.xlsx\Sheet1$" C:\Users\leste\OneDrive\Documents\ArcGIS\Projects\MyProject\MyProject.gdb\UkraineConflict LONGITUDE LATITUDE # "GEOGCS["GCS_WGS_1984",DATUM["D_WGS_1984",SPHEROID["WGS_1984",6378137.0,298.257223563]],PRIMEM["Greenwich",0.0],UNIT["Degree",0.0174532925199433]];-400 -400 1000000000;-100000 10000;-100000 10000;8.98315284119521E-09;0.001;0.001;IsHighPrecision"</Process><Process ToolSource="c:\program files\arcgis\pro\Resources\ArcToolbox\toolboxes\Conversion Tools.tbx\ExportFeatures" Date="20221123" Time="130611">ExportFeatures "UkraineConflict selection selection selection" "C:\Users\leste\OneDrive - Clark University\2022-2023\Web Mapping &amp; Open-Source GIS\Final Project\UkraineBattleEvents.shp" # NOT_USE_ALIAS "ISO "ISO" true true false 8 Double 0 0,First,#,UkraineConflict selection selection selection,ISO,-1,-1;EVENT_ID_CNTY "EVENT_ID_CNTY" true true false 255 Text 0 0,First,#,UkraineConflict selection selection selection,EVENT_ID_CNTY,0,255;EVENT_ID_NO_CNTY "EVENT_ID_NO_CNTY" true true false 8 Double 0 0,First,#,UkraineConflict selection selection selection,EVENT_ID_NO_CNTY,-1,-1;EVENT_DATE "EVENT_DATE" true true false 8 Date 0 0,First,#,UkraineConflict selection selection selection,EVENT_DATE,-1,-1;YEAR "YEAR" true true false 8 Double 0 0,First,#,UkraineConflict selection selection selection,YEAR,-1,-1;TIME_PRECISION "TIME_PRECISION" true true false 8 Double 0 0,First,#,UkraineConflict selection selection selection,TIME_PRECISION,-1,-1;EVENT_TYPE "EVENT_TYPE" true true false 255 Text 0 0,First,#,UkraineConflict selection selection selection,EVENT_TYPE,0,255;SUB_EVENT_TYPE "SUB_EVENT_TYPE" true true false 255 Text 0 0,First,#,UkraineConflict selection selection selection,SUB_EVENT_TYPE,0,255;ACTOR1 "ACTOR1" true true false 255 Text 0 0,First,#,UkraineConflict selection selection selection,ACTOR1,0,255;ASSOC_ACTOR_1 "ASSOC_ACTOR_1" true true false 255 Text 0 0,First,#,UkraineConflict selection selection selection,ASSOC_ACTOR_1,0,255;INTER1 "INTER1" true true false 8 Double 0 0,First,#,UkraineConflict selection selection selection,INTER1,-1,-1;ACTOR2 "ACTOR2" true true false 255 Text 0 0,First,#,UkraineConflict selection selection selection,ACTOR2,0,255;ASSOC_ACTOR_2 "ASSOC_ACTOR_2" true true false 255 Text 0 0,First,#,UkraineConflict selection selection selection,ASSOC_ACTOR_2,0,255;INTER2 "INTER2" true true false 8 Double 0 0,First,#,UkraineConflict selection selection selection,INTER2,-1,-1;INTERACTION "INTERACTION" true true false 8 Double 0 0,First,#,UkraineConflict selection selection selection,INTERACTION,-1,-1;REGION "REGION" true true false 255 Text 0 0,First,#,UkraineConflict selection selection selection,REGION,0,255;COUNTRY "COUNTRY" true true false 255 Text 0 0,First,#,UkraineConflict selection selection selection,COUNTRY,0,255;ADMIN1 "ADMIN1" true true false 255 Text 0 0,First,#,UkraineConflict selection selection selection,ADMIN1,0,255;ADMIN2 "ADMIN2" true true false 255 Text 0 0,First,#,UkraineConflict selection selection selection,ADMIN2,0,255;ADMIN3 "ADMIN3" true true false 255 Text 0 0,First,#,UkraineConflict selection selection selection,ADMIN3,0,255;LOCATION "LOCATION" true true false 255 Text 0 0,First,#,UkraineConflict selection selection selection,LOCATION,0,255;LATITUDE "LATITUDE" true true false 8 Double 0 0,First,#,UkraineConflict selection selection selection,LATITUDE,-1,-1;LONGITUDE "LONGITUDE" true true false 8 Double 0 0,First,#,UkraineConflict selection selection selection,LONGITUDE,-1,-1;GEO_PRECISION "GEO_PRECISION" true true false 8 Double 0 0,First,#,UkraineConflict selection selection selection,GEO_PRECISION,-1,-1;SOURCE "SOURCE" true true false 255 Text 0 0,First,#,UkraineConflict selection selection selection,SOURCE,0,255;SOURCE_SCALE "SOURCE_SCALE" true true false 255 Text 0 0,First,#,UkraineConflict selection selection selection,SOURCE_SCALE,0,255;NOTES "NOTES" true true false 255 Text 0 0,First,#,UkraineConflict selection selection selection,NOTES,0,255;FATALITIES "FATALITIES" true true false 8 Double 0 0,First,#,UkraineConflict selection selection selection,FATALITIES,-1,-1;TIMESTAMP "TIMESTAMP" true true false 8 Double 0 0,First,#,UkraineConflict selection selection selection,TIMESTAMP,-1,-1" #</Process><Process ToolSource="c:\program files\arcgis\pro\Resources\ArcToolbox\Toolboxes\Data Management Tools.tbx\UpdateSchema" Date="20221128" Time="204603">UpdateSchema "CIMDATA=&lt;CIMStandardDataConnection xsi:type='typens:CIMStandardDataConnection' xmlns:xsi='http://www.w3.org/2001/XMLSchema-instance' xmlns:xs='http://www.w3.org/2001/XMLSchema' xmlns:typens='http://www.esri.com/schemas/ArcGIS/3.0.0'&gt;&lt;WorkspaceConnectionString&gt;DATABASE=C:\Users\leste\OneDrive - Clark University\2022-2023\Web Mapping &amp;amp; Open-Source GIS\Final Project&lt;/WorkspaceConnectionString&gt;&lt;WorkspaceFactory&gt;Shapefile&lt;/WorkspaceFactory&gt;&lt;Dataset&gt;UkraineBattleEvents&lt;/Dataset&gt;&lt;DatasetType&gt;esriDTFeatureClass&lt;/DatasetType&gt;&lt;/CIMStandardDataConnection&gt;" &lt;operationSequence&gt;&lt;workflow&gt;&lt;AddField&gt;&lt;field_name&gt;Month&lt;/field_name&gt;&lt;field_type&gt;TEXT&lt;/field_type&gt;&lt;field_length&gt;255&lt;/field_length&gt;&lt;field_is_nullable&gt;False&lt;/field_is_nullable&gt;&lt;field_is_required&gt;False&lt;/field_is_required&gt;&lt;/AddField&gt;&lt;/workflow&gt;&lt;/operationSequence&gt;</Process><Process ToolSource="c:\program files\arcgis\pro\Resources\ArcToolbox\toolboxes\Data Management Tools.tbx\CalculateField" Date="20221128" Time="205014">CalculateField UkraineBattleEvents Month 'February' "Python 3" # Text NO_ENFORCE_DOMAINS</Process><Process ToolSource="c:\program files\arcgis\pro\Resources\ArcToolbox\toolboxes\Data Management Tools.tbx\CalculateField" Date="20221128" Time="205139">CalculateField UkraineBattleEvents Month 'March' "Python 3" # Text NO_ENFORCE_DOMAINS</Process><Process ToolSource="c:\program files\arcgis\pro\Resources\ArcToolbox\toolboxes\Data Management Tools.tbx\CalculateField" Date="20221128" Time="205208">CalculateField UkraineBattleEvents Month 'April' "Python 3" # Text NO_ENFORCE_DOMAINS</Process><Process ToolSource="c:\program files\arcgis\pro\Resources\ArcToolbox\toolboxes\Data Management Tools.tbx\CalculateField" Date="20221128" Time="205241">CalculateField UkraineBattleEvents Month 'May' "Python 3" # Text NO_ENFORCE_DOMAINS</Process><Process ToolSource="c:\program files\arcgis\pro\Resources\ArcToolbox\toolboxes\Data Management Tools.tbx\CalculateField" Date="20221128" Time="205305">CalculateField UkraineBattleEvents Month 'June' "Python 3" # Text NO_ENFORCE_DOMAINS</Process><Process ToolSource="c:\program files\arcgis\pro\Resources\ArcToolbox\toolboxes\Data Management Tools.tbx\CalculateField" Date="20221128" Time="205327">CalculateField UkraineBattleEvents Month 'July' "Python 3" # Text NO_ENFORCE_DOMAINS</Process><Process ToolSource="c:\program files\arcgis\pro\Resources\ArcToolbox\toolboxes\Data Management Tools.tbx\CalculateField" Date="20221128" Time="205346">CalculateField UkraineBattleEvents Month 'August' "Python 3" # Text NO_ENFORCE_DOMAINS</Process><Process ToolSource="c:\program files\arcgis\pro\Resources\ArcToolbox\toolboxes\Data Management Tools.tbx\CalculateField" Date="20221128" Time="205422">CalculateField UkraineBattleEvents Month 'September' "Python 3" # Text NO_ENFORCE_DOMAINS</Process><Process ToolSource="c:\program files\arcgis\pro\Resources\ArcToolbox\toolboxes\Data Management Tools.tbx\CalculateField" Date="20221128" Time="205446">CalculateField UkraineBattleEvents Month 'October' "Python 3" # Text NO_ENFORCE_DOMAINS</Process><Process ToolSource="c:\program files\arcgis\pro\Resources\ArcToolbox\toolboxes\Conversion Tools.tbx\ExportFeatures" Date="20221128" Time="205600">ExportFeatures UkraineBattleEvents C:\Users\leste\OneDrive\Documents\webmapping\mappingukraine\mappingukraine.github.io\data\ukraine_battles.shp # NOT_USE_ALIAS "ISO "ISO" true true false 19 Double 0 0,First,#,UkraineBattleEvents,ISO,-1,-1;EVENT_ID_C "EVENT_ID_C" true true false 254 Text 0 0,First,#,UkraineBattleEvents,EVENT_ID_C,0,254;EVENT_ID_N "EVENT_ID_N" true true false 19 Double 0 0,First,#,UkraineBattleEvents,EVENT_ID_N,-1,-1;EVENT_DATE "EVENT_DATE" true true false 8 Date 0 0,First,#,UkraineBattleEvents,EVENT_DATE,-1,-1;YEAR "YEAR" true true false 19 Double 0 0,First,#,UkraineBattleEvents,YEAR,-1,-1;Month "Month" true true false 254 Text 0 0,First,#,UkraineBattleEvents,Month,0,254;TIME_PRECI "TIME_PRECI" true true false 19 Double 0 0,First,#,UkraineBattleEvents,TIME_PRECI,-1,-1;EVENT_TYPE "EVENT_TYPE" true true false 254 Text 0 0,First,#,UkraineBattleEvents,EVENT_TYPE,0,254;SUB_EVENT_ "SUB_EVENT_" true true false 254 Text 0 0,First,#,UkraineBattleEvents,SUB_EVENT_,0,254;ACTOR1 "ACTOR1" true true false 254 Text 0 0,First,#,UkraineBattleEvents,ACTOR1,0,254;ASSOC_ACTO "ASSOC_ACTO" true true false 254 Text 0 0,First,#,UkraineBattleEvents,ASSOC_ACTO,0,254;INTER1 "INTER1" true true false 19 Double 0 0,First,#,UkraineBattleEvents,INTER1,-1,-1;ACTOR2 "ACTOR2" true true false 254 Text 0 0,First,#,UkraineBattleEvents,ACTOR2,0,254;ASSOC_AC_1 "ASSOC_AC_1" true true false 254 Text 0 0,First,#,UkraineBattleEvents,ASSOC_AC_1,0,254;INTER2 "INTER2" true true false 19 Double 0 0,First,#,UkraineBattleEvents,INTER2,-1,-1;INTERACTIO "INTERACTIO" true true false 19 Double 0 0,First,#,UkraineBattleEvents,INTERACTIO,-1,-1;REGION "REGION" true true false 254 Text 0 0,First,#,UkraineBattleEvents,REGION,0,254;COUNTRY "COUNTRY" true true false 254 Text 0 0,First,#,UkraineBattleEvents,COUNTRY,0,254;ADMIN1 "ADMIN1" true true false 254 Text 0 0,First,#,UkraineBattleEvents,ADMIN1,0,254;ADMIN2 "ADMIN2" true true false 254 Text 0 0,First,#,UkraineBattleEvents,ADMIN2,0,254;ADMIN3 "ADMIN3" true true false 254 Text 0 0,First,#,UkraineBattleEvents,ADMIN3,0,254;LOCATION "LOCATION" true true false 254 Text 0 0,First,#,UkraineBattleEvents,LOCATION,0,254;LATITUDE "LATITUDE" true true false 19 Double 0 0,First,#,UkraineBattleEvents,LATITUDE,-1,-1;LONGITUDE "LONGITUDE" true true false 19 Double 0 0,First,#,UkraineBattleEvents,LONGITUDE,-1,-1;GEO_PRECIS "GEO_PRECIS" true true false 19 Double 0 0,First,#,UkraineBattleEvents,GEO_PRECIS,-1,-1;SOURCE "SOURCE" true true false 254 Text 0 0,First,#,UkraineBattleEvents,SOURCE,0,254;SOURCE_SCA "SOURCE_SCA" true true false 254 Text 0 0,First,#,UkraineBattleEvents,SOURCE_SCA,0,254;NOTES "NOTES" true true false 254 Text 0 0,First,#,UkraineBattleEvents,NOTES,0,254;FATALITIES "FATALITIES" true true false 19 Double 0 0,First,#,UkraineBattleEvents,FATALITIES,-1,-1;TIMESTAMP "TIMESTAMP" true true false 19 Double 0 0,First,#,UkraineBattleEvents,TIMESTAMP,-1,-1" #</Process></lineage><itemProps><itemName Sync="TRUE">ukraine_battles</itemName><imsContentType Sync="TRUE">002</imsContentType><itemSize Sync="TRUE">0.000</itemSize><itemLocation><linkage Sync="TRUE">file://\\LAPTOP-4K2PQEBO\Users\leste\OneDrive\Documents\webmapping\mappingukraine\mappingukraine.github.io\data\ukraine_battles.shp</linkage><protocol Sync="TRUE">Local Area Network</protocol></itemLocation></itemProps><coordRef><type Sync="TRUE">Geographic</type><geogcsn Sync="TRUE">GCS_WGS_1984</geogcsn><csUnits Sync="TRUE">Angular Unit: Degree (0.017453)</csUnits><peXml Sync="TRUE">&lt;GeographicCoordinateSystem xsi:type='typens:GeographicCoordinateSystem' xmlns:xsi='http://www.w3.org/2001/XMLSchema-instance' xmlns:xs='http://www.w3.org/2001/XMLSchema' xmlns:typens='http://www.esri.com/schemas/ArcGIS/3.0.0'&gt;&lt;WKT&gt;GEOGCS[&amp;quot;GCS_WGS_1984&amp;quot;,DATUM[&amp;quot;D_WGS_1984&amp;quot;,SPHEROID[&amp;quot;WGS_1984&amp;quot;,6378137.0,298.257223563]],PRIMEM[&amp;quot;Greenwich&amp;quot;,0.0],UNIT[&amp;quot;Degree&amp;quot;,0.0174532925199433],AUTHORITY[&amp;quot;EPSG&amp;quot;,4326]]&lt;/WKT&gt;&lt;XOrigin&gt;-400&lt;/XOrigin&gt;&lt;YOrigin&gt;-400&lt;/YOrigin&gt;&lt;XYScale&gt;11258999068426.238&lt;/XYScale&gt;&lt;ZOrigin&gt;-100000&lt;/ZOrigin&gt;&lt;ZScale&gt;10000&lt;/ZScale&gt;&lt;MOrigin&gt;-100000&lt;/MOrigin&gt;&lt;MScale&gt;10000&lt;/MScale&gt;&lt;XYTolerance&gt;8.983152841195215e-09&lt;/XYTolerance&gt;&lt;ZTolerance&gt;0.001&lt;/ZTolerance&gt;&lt;MTolerance&gt;0.001&lt;/MTolerance&gt;&lt;HighPrecision&gt;true&lt;/HighPrecision&gt;&lt;LeftLongitude&gt;-180&lt;/LeftLongitude&gt;&lt;WKID&gt;4326&lt;/WKID&gt;&lt;LatestWKID&gt;4326&lt;/LatestWKID&gt;&lt;/GeographicCoordinateSystem&gt;</peXml></coordRef></DataProperties><SyncDate>20221128</SyncDate><SyncTime>20555900</SyncTime><ModDate>20221128</ModDate><ModTime>20555900</ModTime></Esri><dataIdInfo><envirDesc Sync="TRUE">Microsoft Windows 10 Version 10.0 (Build 19045) ; Esri ArcGIS 13.0.2.36056</envirDesc><dataLang><languageCode value="eng" Sync="TRUE"></languageCode><countryCode value="USA" Sync="TRUE"></countryCode></dataLang><idCitation><resTitle Sync="TRUE">ukraine_battles</resTitle><presForm><PresFormCd value="005" Sync="TRUE"></PresFormCd></presForm></idCitation><spatRpType><SpatRepTypCd value="001" Sync="TRUE"></SpatRepTypCd></spatRpType></dataIdInfo><mdLang><languageCode value="eng" Sync="TRUE"></languageCode><countryCode value="USA" Sync="TRUE"></countryCode></mdLang><distInfo><distFormat><formatName Sync="TRUE">Shapefile</formatName></distFormat><distTranOps><transSize Sync="TRUE">0.000</transSize></distTranOps></distInfo><mdHrLv><ScopeCd value="005" Sync="TRUE"></ScopeCd></mdHrLv><mdHrLvName Sync="TRUE">dataset</mdHrLvName><refSysInfo><RefSystem><refSysID><identCode code="4326" Sync="TRUE"></identCode><idCodeSpace Sync="TRUE">EPSG</idCodeSpace><idVersion Sync="TRUE">6.2(3.0.1)</idVersion></refSysID></RefSystem></refSysInfo><spatRepInfo><VectSpatRep><geometObjs Name="ukraine_battles"><geoObjTyp><GeoObjTypCd value="004" Sync="TRUE"></GeoObjTypCd></geoObjTyp><geoObjCnt Sync="TRUE">0</geoObjCnt></geometObjs><topLvl><TopoLevCd value="001" Sync="TRUE"></TopoLevCd></topLvl></VectSpatRep></spatRepInfo><spdoinfo><ptvctinf><esriterm Name="ukraine_battles"><efeatyp Sync="TRUE">Simple</efeatyp><efeageom code="1" Sync="TRUE"></efeageom><esritopo Sync="TRUE">FALSE</esritopo><efeacnt Sync="TRUE">0</efeacnt><spindex Sync="TRUE">FALSE</spindex><linrefer Sync="TRUE">FALSE</linrefer></esriterm></ptvctinf></spdoinfo><eainfo><detailed Name="ukraine_battles"><enttyp><enttypl Sync="TRUE">ukraine_battles</enttypl><enttypt Sync="TRUE">Feature Class</enttypt><enttypc Sync="TRUE">0</enttypc></enttyp><attr><attrlabl Sync="TRUE">FID</attrlabl><attalias Sync="TRUE">FID</attalias><attrtype Sync="TRUE">OID</attrtype><attwidth Sync="TRUE">4</attwidth><atprecis Sync="TRUE">0</atprecis><attscale Sync="TRUE">0</attscale><attrdef Sync="TRUE">Internal feature number.</attrdef><attrdefs Sync="TRUE">Esri</attrdefs><attrdomv><udom Sync="TRUE">Sequential unique whole numbers that are automatically generated.</udom></attrdomv></attr><attr><attrlabl Sync="TRUE">Shape</attrlabl><attalias Sync="TRUE">Shape</attalias><attrtype Sync="TRUE">Geometry</attrtype><attwidth Sync="TRUE">0</attwidth><atprecis Sync="TRUE">0</atprecis><attscale Sync="TRUE">0</attscale><attrdef Sync="TRUE">Feature geometry.</attrdef><attrdefs Sync="TRUE">Esri</attrdefs><attrdomv><udom Sync="TRUE">Coordinates defining the features.</udom></attrdomv></attr><attr><attrlabl Sync="TRUE">ISO</attrlabl><attalias Sync="TRUE">ISO</attalias><attrtype Sync="TRUE">Double</attrtype><attwidth Sync="TRUE">19</attwidth><atprecis Sync="TRUE">0</atprecis><attscale Sync="TRUE">0</attscale></attr><attr><attrlabl Sync="TRUE">EVENT_ID_C</attrlabl><attalias Sync="TRUE">EVENT_ID_C</attalias><attrtype Sync="TRUE">String</attrtype><attwidth Sync="TRUE">254</attwidth><atprecis Sync="TRUE">0</atprecis><attscale Sync="TRUE">0</attscale></attr><attr><attrlabl Sync="TRUE">EVENT_ID_N</attrlabl><attalias Sync="TRUE">EVENT_ID_N</attalias><attrtype Sync="TRUE">Double</attrtype><attwidth Sync="TRUE">19</attwidth><atprecis Sync="TRUE">0</atprecis><attscale Sync="TRUE">0</attscale></attr><attr><attrlabl Sync="TRUE">EVENT_DATE</attrlabl><attalias Sync="TRUE">EVENT_DATE</attalias><attrtype Sync="TRUE">Date</attrtype><attwidth Sync="TRUE">8</attwidth><atprecis Sync="TRUE">0</atprecis><attscale Sync="TRUE">0</attscale></attr><attr><attrlabl Sync="TRUE">YEAR</attrlabl><attalias Sync="TRUE">YEAR</attalias><attrtype Sync="TRUE">Double</attrtype><attwidth Sync="TRUE">19</attwidth><atprecis Sync="TRUE">0</atprecis><attscale Sync="TRUE">0</attscale></attr><attr><attrlabl Sync="TRUE">Month</attrlabl><attalias Sync="TRUE">Month</attalias><attrtype Sync="TRUE">String</attrtype><attwidth Sync="TRUE">254</attwidth><atprecis Sync="TRUE">0</atprecis><attscale Sync="TRUE">0</attscale></attr><attr><attrlabl Sync="TRUE">TIME_PRECI</attrlabl><attalias Sync="TRUE">TIME_PRECI</attalias><attrtype Sync="TRUE">Double</attrtype><attwidth Sync="TRUE">19</attwidth><atprecis Sync="TRUE">0</atprecis><attscale Sync="TRUE">0</attscale></attr><attr><attrlabl Sync="TRUE">EVENT_TYPE</attrlabl><attalias Sync="TRUE">EVENT_TYPE</attalias><attrtype Sync="TRUE">String</attrtype><attwidth Sync="TRUE">254</attwidth><atprecis Sync="TRUE">0</atprecis><attscale Sync="TRUE">0</attscale></attr><attr><attrlabl Sync="TRUE">SUB_EVENT_</attrlabl><attalias Sync="TRUE">SUB_EVENT_</attalias><attrtype Sync="TRUE">String</attrtype><attwidth Sync="TRUE">254</attwidth><atprecis Sync="TRUE">0</atprecis><attscale Sync="TRUE">0</attscale></attr><attr><attrlabl Sync="TRUE">ACTOR1</attrlabl><attalias Sync="TRUE">ACTOR1</attalias><attrtype Sync="TRUE">String</attrtype><attwidth Sync="TRUE">254</attwidth><atprecis Sync="TRUE">0</atprecis><attscale Sync="TRUE">0</attscale></attr><attr><attrlabl Sync="TRUE">ASSOC_ACTO</attrlabl><attalias Sync="TRUE">ASSOC_ACTO</attalias><attrtype Sync="TRUE">String</attrtype><attwidth Sync="TRUE">254</attwidth><atprecis Sync="TRUE">0</atprecis><attscale Sync="TRUE">0</attscale></attr><attr><attrlabl Sync="TRUE">INTER1</attrlabl><attalias Sync="TRUE">INTER1</attalias><attrtype Sync="TRUE">Double</attrtype><attwidth Sync="TRUE">19</attwidth><atprecis Sync="TRUE">0</atprecis><attscale Sync="TRUE">0</attscale></attr><attr><attrlabl Sync="TRUE">ACTOR2</attrlabl><attalias Sync="TRUE">ACTOR2</attalias><attrtype Sync="TRUE">String</attrtype><attwidth Sync="TRUE">254</attwidth><atprecis Sync="TRUE">0</atprecis><attscale Sync="TRUE">0</attscale></attr><attr><attrlabl Sync="TRUE">ASSOC_AC_1</attrlabl><attalias Sync="TRUE">ASSOC_AC_1</attalias><attrtype Sync="TRUE">String</attrtype><attwidth Sync="TRUE">254</attwidth><atprecis Sync="TRUE">0</atprecis><attscale Sync="TRUE">0</attscale></attr><attr><attrlabl Sync="TRUE">INTER2</attrlabl><attalias Sync="TRUE">INTER2</attalias><attrtype Sync="TRUE">Double</attrtype><attwidth Sync="TRUE">19</attwidth><atprecis Sync="TRUE">0</atprecis><attscale Sync="TRUE">0</attscale></attr><attr><attrlabl Sync="TRUE">INTERACTIO</attrlabl><attalias Sync="TRUE">INTERACTIO</attalias><attrtype Sync="TRUE">Double</attrtype><attwidth Sync="TRUE">19</attwidth><atprecis Sync="TRUE">0</atprecis><attscale Sync="TRUE">0</attscale></attr><attr><attrlabl Sync="TRUE">REGION</attrlabl><attalias Sync="TRUE">REGION</attalias><attrtype Sync="TRUE">String</attrtype><attwidth Sync="TRUE">254</attwidth><atprecis Sync="TRUE">0</atprecis><attscale Sync="TRUE">0</attscale></attr><attr><attrlabl Sync="TRUE">COUNTRY</attrlabl><attalias Sync="TRUE">COUNTRY</attalias><attrtype Sync="TRUE">String</attrtype><attwidth Sync="TRUE">254</attwidth><atprecis Sync="TRUE">0</atprecis><attscale Sync="TRUE">0</attscale></attr><attr><attrlabl Sync="TRUE">ADMIN1</attrlabl><attalias Sync="TRUE">ADMIN1</attalias><attrtype Sync="TRUE">String</attrtype><attwidth Sync="TRUE">254</attwidth><atprecis Sync="TRUE">0</atprecis><attscale Sync="TRUE">0</attscale></attr><attr><attrlabl Sync="TRUE">ADMIN2</attrlabl><attalias Sync="TRUE">ADMIN2</attalias><attrtype Sync="TRUE">String</attrtype><attwidth Sync="TRUE">254</attwidth><atprecis Sync="TRUE">0</atprecis><attscale Sync="TRUE">0</attscale></attr><attr><attrlabl Sync="TRUE">ADMIN3</attrlabl><attalias Sync="TRUE">ADMIN3</attalias><attrtype Sync="TRUE">String</attrtype><attwidth Sync="TRUE">254</attwidth><atprecis Sync="TRUE">0</atprecis><attscale Sync="TRUE">0</attscale></attr><attr><attrlabl Sync="TRUE">LOCATION</attrlabl><attalias Sync="TRUE">LOCATION</attalias><attrtype Sync="TRUE">String</attrtype><attwidth Sync="TRUE">254</attwidth><atprecis Sync="TRUE">0</atprecis><attscale Sync="TRUE">0</attscale></attr><attr><attrlabl Sync="TRUE">LATITUDE</attrlabl><attalias Sync="TRUE">LATITUDE</attalias><attrtype Sync="TRUE">Double</attrtype><attwidth Sync="TRUE">19</attwidth><atprecis Sync="TRUE">0</atprecis><attscale Sync="TRUE">0</attscale></attr><attr><attrlabl Sync="TRUE">LONGITUDE</attrlabl><attalias Sync="TRUE">LONGITUDE</attalias><attrtype Sync="TRUE">Double</attrtype><attwidth Sync="TRUE">19</attwidth><atprecis Sync="TRUE">0</atprecis><attscale Sync="TRUE">0</attscale></attr><attr><attrlabl Sync="TRUE">GEO_PRECIS</attrlabl><attalias Sync="TRUE">GEO_PRECIS</attalias><attrtype Sync="TRUE">Double</attrtype><attwidth Sync="TRUE">19</attwidth><atprecis Sync="TRUE">0</atprecis><attscale Sync="TRUE">0</attscale></attr><attr><attrlabl Sync="TRUE">SOURCE</attrlabl><attalias Sync="TRUE">SOURCE</attalias><attrtype Sync="TRUE">String</attrtype><attwidth Sync="TRUE">254</attwidth><atprecis Sync="TRUE">0</atprecis><attscale Sync="TRUE">0</attscale></attr><attr><attrlabl Sync="TRUE">SOURCE_SCA</attrlabl><attalias Sync="TRUE">SOURCE_SCA</attalias><attrtype Sync="TRUE">String</attrtype><attwidth Sync="TRUE">254</attwidth><atprecis Sync="TRUE">0</atprecis><attscale Sync="TRUE">0</attscale></attr><attr><attrlabl Sync="TRUE">NOTES</attrlabl><attalias Sync="TRUE">NOTES</attalias><attrtype Sync="TRUE">String</attrtype><attwidth Sync="TRUE">254</attwidth><atprecis Sync="TRUE">0</atprecis><attscale Sync="TRUE">0</attscale></attr><attr><attrlabl Sync="TRUE">FATALITIES</attrlabl><attalias Sync="TRUE">FATALITIES</attalias><attrtype Sync="TRUE">Double</attrtype><attwidth Sync="TRUE">19</attwidth><atprecis Sync="TRUE">0</atprecis><attscale Sync="TRUE">0</attscale></attr><attr><attrlabl Sync="TRUE">TIMESTAMP</attrlabl><attalias Sync="TRUE">TIMESTAMP</attalias><attrtype Sync="TRUE">Double</attrtype><attwidth Sync="TRUE">19</attwidth><atprecis Sync="TRUE">0</atprecis><attscale Sync="TRUE">0</attscale></attr></detailed></eainfo><mdDateSt Sync="TRUE">20221128</mdDateSt></metadata>
